ID,Name,Category,BuyPrice,SellPrice,Quantity,Status
1,Creality K1C Imprimante 3D,طابعات وأجهزة,435.0,0.0,1,متوفر (وصل)
2,Alcool Isopropylique 99.9% 1L,مواد تنظيف,7.79,0.0,1,متوفر (وصل)
3,ELEGOO Filament PETG Noir 1KG,خيوط طباعة,16.99,0.0,1,متوفر (وصل)
4,"Lot de 2 Écran OLED I2C 0.91""",إلكترونيات,8.99,0.0,2,متوفر (وصل)
5,Amazon Basics الشاحن اللاسلكي Qi,إكسسوارات وشحن,14.95,0.0,1,متوفر (وصل)
6,QWORK أدوات إزالة اللحام,أدوات صيانة,11.45,0.0,1,متوفر (وصل)
7,eSUN PLA+ Filament 1KG,خيوط طباعة,15.99,0.0,1,متوفر (وصل)
8,Station de soudage à air chaud 700W,أدوات صيانة,47.49,0.0,1,متوفر (وصل)
9,Kit de Fer à Souder Sans Fil USB,أدوات صيانة,61.98,0.0,1,متوفر (وصل)
10,HUAREW Dupont Cable Kit (Breadboard),إلكترونيات,14.99,0.0,2,متوفر (وصل)
11,ELEGOO كابلات دوبونت 120 قطعة,إلكترونيات,8.99,0.0,1,متوفر (وصل)
12,ARCELI MPU-6050 Module (x5),إلكترونيات ومستشعرات,14.59,0.0,5,متوفر (وصل)
13,Ainiv Pince Brucelle & Coupe-fil,أدوات صيانة,10.99,0.0,1,متوفر (وصل)
14,Gaine Thermorétractable 600 Pièces,إلكترونيات,15.99,0.0,1,متوفر (وصل)
15,XTVTX ESP32-CAM Carte WiFi,إلكترونيات وميكروكنترولر,13.99,0.0,1,متوفر (وصل)
16,TOWOT Tresse à Dessouder 3m,أدوات صيانة,5.97,0.0,1,متوفر (وصل)
17,Troisieme Main Soudure 4 Bras,أدوات صيانة,17.69,0.0,1,متوفر (وصل)
18,Gebildet 40 pièces Interrupteurs à Glissière,إلكترونيات,7.98,0.0,40,متوفر (وصل)
19,AstroAl Multimètre Numérique,أدوات قياس,16.14,0.0,1,متوفر (وصل)
20,OVERTURE Filament TPU 95A 1KG,خيوط طباعة,23.99,0.0,1,متوفر (وصل)
21,Tapis de Réparation en Silicone,أدوات صيانة,14.59,0.0,1,متوفر (وصل)
22,RUNCCI-YUN USB-C Charging Module (x5),إلكترونيات وشحن,6.99,0.0,5,متوفر (وصل)
23,flintronic 24PCS Mini Tournevis,أدوات صيانة,9.99,0.0,1,متوفر (وصل)
24,EEMB Batterie Lipo 3.7V 1800mAh (x3),بطاريات ومصادر طاقة,11.59,0.0,3,متوفر (وصل)
25,TP-Link Switch Ethernet Gigabit 5 Ports,شبكات,17.98,0.0,1,متوفر (وصل)
26,DAOKAI Récepteur Chargeur sans Fil,إلكترونيات وشحن,11.79,0.0,1,في الطريق (مُرتقب 15 أكتوبر)
27,gh,hj,12.0,120.0,2,في الطريق (مُرتقب)
